{
	"description": "项目配置文件",
	"packOptions": {
		"ignore": []
	},
	"setting": {
		"urlCheck": false,
		"es6": true,
		"enhance": false,
		"postcss": true,
		"minified": true,
		"newFeature": false,
		"coverView": true,
		"nodeModules": false,
		"autoAudits": false,
		"uglifyFileName": false,
		"checkInvalidKey": true,
		"checkSiteMap": true,
		"uploadWithSourceMap": true,
		"babelSetting": {
			"ignore": [],
			"disablePlugins": [],
			"outputPath": ""
		},
		"preloadBackgroundData": false,
		"showShadowRootInWxmlPanel": true,
		"scopeDataCheck": false,
		"compileHotReLoad": false,
		"useMultiFrameRuntime": false,
		"useApiHook": true,
		"useIsolateContext": true,
		"useCompilerModule": true,
		"userConfirmedUseCompilerModuleSwitch": false,
		"packNpmManually": false,
		"packNpmRelationList": [],
		"enableEngineNative": false,
		"minifyWXSS": true
	},
	"compileType": "miniprogram",
	"libVersion": "2.14.0",
	"appid": "wxe330499e43c9b27d",
	"projectname": "%E4%BA%BA%E8%84%B8%E8%80%83%E5%8B%A4%E7%B3%BB%E7%BB%9F",
	"debugOptions": {
		"hidedInDevtools": []
	},
	"scripts": {},
	"isGameTourist": false,
	"simulatorType": "wechat",
	"simulatorPluginLibVersion": {},
	"condition": {
		"search": {
			"list": []
		},
		"conversation": {
			"list": []
		},
		"game": {
			"list": []
		},
		"plugin": {
			"list": []
		},
		"gamePlugin": {
			"list": []
		},
		"miniprogram": {
			"list": []
		}
	}
}